x1;y1;z1;flex11;flex21;x2;y2;z2;flex12;flex22;x3;y3;z3;flex13;flex23;x4;y4;z4;flex14;flex24;x5;y5;z5;flex15;flex25;x6;y6;z6;flex16;flex26;x7;y7;z7;flex17;flex27;x8;y8;z8;flex18;flex28;x9;y9;z9;flex19;flex29;x10;y10;z10;flex110;flex210;x11;y11;z11;flex111;flex211;x12;y12;z12;flex112;flex212;x13;y13;z13;flex113;flex213;x14;y14;z14;flex114;flex214;x15;y15;z15;flex115;flex215;x16;y16;z16;flex116;flex216;x17;y17;z17;flex117;flex217;x18;y18;z18;flex118;flex218;x19;y19;z19;flex119;flex219;x20;y20;z20;flex120;flex220;x21;y21;z21;flex121;flex221;x22;y22;z22;flex122;flex222;x23;y23;z23;flex123;flex223;x24;y24;z24;flex124;flex224;x25;y25;z25;flex125;flex225;x26;y26;z26;flex126;flex226;x27;y27;z27;flex127;flex227;x28;y28;z28;flex128;flex228;x29;y29;z29;flex129;flex229;x30;y30;z30;flex130;flex230;idGeste
-0.016666666666666666;-0.015;0.006666666666666667;0;0;-0.07166666666666667;-0.049999999999999996;0.013333333333333334;1;0;-0.10333333333333333;-0.06166666666666667;0.01;1;0;-0.19499999999999998;-0.05499999999999999;0.011666666666666667;1;0;-0.2916666666666667;-0.02666666666666666;-0.013333333333333334;1;0;-0.3466666666666666;-0.04;-0.041666666666666664;1;0;-0.335;-0.051666666666666666;-0.05333333333333334;0;0;-0.22666666666666666;-0.02;-0.16166666666666665;0;0;-0.24333333333333332;-0.016666666666666666;-0.22666666666666666;0;0;-0.3266666666666667;0.01666666666666667;-0.17500000000000002;0;0;-0.5433333333333333;-0.041666666666666664;-0.05999999999999999;0;0;-0.59;-0.051666666666666666;-0.06333333333333334;0;0;-0.53;0.06666666666666667;-0.09166666666666666;0;0;-0.6066666666666666;0.11166666666666665;-0.085;0;0;-0.5533333333333333;0.20166666666666666;-0.08333333333333333;0;0;-0.53;0.27166666666666667;0.023333333333333334;0;0;-0.53;0.3383333333333334;0.11;0;0;-0.6733333333333333;0.35000000000000003;0.225;0;0;-0.62;0.30833333333333335;0.2866666666666667;0;0;-0.5333333333333333;0.43166666666666664;0.18333333333333335;0;0;-0.18833333333333332;0.57;0.15166666666666667;0;0;0.2733333333333334;0.735;0.21333333333333335;0;0;0.33499999999999996;0.8983333333333333;0.33166666666666667;0;0;0.5616666666666666;0.9199999999999999;0.5083333333333333;0;0;0.42333333333333334;0.915;0.47833333333333333;0;0;0.36333333333333334;0.9116666666666667;0.5866666666666668;0;0;0.22666666666666668;0.805;0.6633333333333333;0;0;-0.015000000000000001;0.8183333333333334;0.63;0;0;0.04666666666666667;0.8783333333333334;0.7283333333333334;1;0;-0.09166666666666667;0.805;0.9816666666666668;1;0;0