x1;y1;z1;flex11;flex21;x2;y2;z2;flex12;flex22;x3;y3;z3;flex13;flex23;x4;y4;z4;flex14;flex24;x5;y5;z5;flex15;flex25;x6;y6;z6;flex16;flex26;x7;y7;z7;flex17;flex27;x8;y8;z8;flex18;flex28;x9;y9;z9;flex19;flex29;x10;y10;z10;flex110;flex210;x11;y11;z11;flex111;flex211;x12;y12;z12;flex112;flex212;x13;y13;z13;flex113;flex213;x14;y14;z14;flex114;flex214;x15;y15;z15;flex115;flex215;x16;y16;z16;flex116;flex216;x17;y17;z17;flex117;flex217;x18;y18;z18;flex118;flex218;x19;y19;z19;flex119;flex219;x20;y20;z20;flex120;flex220;x21;y21;z21;flex121;flex221;x22;y22;z22;flex122;flex222;x23;y23;z23;flex123;flex223;x24;y24;z24;flex124;flex224;x25;y25;z25;flex125;flex225;x26;y26;z26;flex126;flex226;x27;y27;z27;flex127;flex227;x28;y28;z28;flex128;flex228;x29;y29;z29;flex129;flex229;x30;y30;z30;flex130;flex230;idGeste
0.011999999999999999;-0.016;0.014000000000000002;0;0;-0.036;-0.04;0.018;0;0;-0.11600000000000002;-0.057999999999999996;0.022;0;0;-0.20600000000000002;-0.146;0.016;0;0;-0.20600000000000002;-0.156;-0.022;0;0;-0.31200000000000006;-0.118;-0.03;0;0;-0.38399999999999995;-0.10600000000000001;-0.02;0;0;-0.43;-0.13;0.026000000000000002;0;0;-0.4640000000000001;-0.11199999999999999;0.078;0;0;-0.534;-0.1;0.128;0;0;-0.484;-0.12;0.18000000000000002;0;0;-0.274;-0.11599999999999999;0.274;0;0;-0.22399999999999998;-0.092;0.268;0;0;-0.186;-0.008000000000000002;0.246;0;0;-0.02;0.004000000000000001;0.27;0;0;0.17;0.028000000000000004;0.39799999999999996;0;0;0.45999999999999996;0.244;0.462;0;0;0.538;0.35;0.40800000000000003;0;0;0.596;0.43200000000000005;0.502;0;0;0.844;0.526;0.7;0;0;0.8320000000000001;0.45599999999999996;0.628;0;0;0.782;0.514;0.558;0;0;0.75;0.58;0.44799999999999995;0;0;0.5379999999999999;0.572;0.42000000000000004;0;0;0.518;0.602;0.7140000000000001;0;0;0.566;0.604;0.884;0;0;0.492;0.674;0.818;0;0;0.488;0.6779999999999999;0.8299999999999998;0;0;0.4159999999999999;0.65;0.8380000000000001;0;0;0.34600000000000003;0.636;0.8160000000000001;0;0;0